﻿<?xml version="1.0" encoding="utf-8" ?>
<c2eventsheet>
    <!--All the 'name' attributes are ignored by Construct 2 - they are there for readability only.-->
    <name>Event sheet 5</name>
    <events>
        <event-block sid="1216758147897811">
            <conditions>
                <condition id="0" name="On clicked" sid="5398184320757484" type="Regreso" />
            </conditions>
            <actions>
                <action id="-2" name="Go to layout" sid="65519195872872" type="System">
                    <param id="0" name="Layout">Layout 1</param>
                </action>
            </actions>
        </event-block>
        <event-block sid="4158604137364858">
            <conditions>
                <condition id="-18" name="On created" sid="5478454288676988" type="Regreso" />
            </conditions>
            <actions>
                <action id="0" name="Play" sid="2066998318914729" type="Audio">
                    <param id="0" name="Audio file">No Hope</param>
                    <param id="2" name="Loop">0</param>
                    <param id="3" name="Volume">0</param>
                    <param id="1" name="Tag (optional)">&quot;ending2&quot;</param>
                </action>
            </actions>
        </event-block>
    </events>
</c2eventsheet>
